subject,wd_property
http://www.wikidata.org/entity/Q988702,http://www.wikidata.org/entity/P1540
http://www.wikidata.org/entity/Q1449780,http://www.wikidata.org/entity/P1540
http://www.wikidata.org/entity/Q1803137,http://www.wikidata.org/entity/P1540
http://www.wikidata.org/entity/Q3430092,http://www.wikidata.org/entity/P1540
http://www.wikidata.org/entity/Q16339914,http://www.wikidata.org/entity/P1540
http://www.wikidata.org/entity/Q58925007,http://www.wikidata.org/entity/P1540
http://www.wikidata.org/entity/Q58934016,http://www.wikidata.org/entity/P1540
http://www.wikidata.org/entity/Q1803345,http://www.wikidata.org/entity/P1540
http://www.wikidata.org/entity/Q1803354,http://www.wikidata.org/entity/P1540
http://www.wikidata.org/entity/Q1803448,http://www.wikidata.org/entity/P1540
http://www.wikidata.org/entity/Q1803476,http://www.wikidata.org/entity/P1540
http://www.wikidata.org/entity/Q1409438,http://www.wikidata.org/entity/P1540
http://www.wikidata.org/entity/Q1803483,http://www.wikidata.org/entity/P1540
http://www.wikidata.org/entity/Q1803535,http://www.wikidata.org/entity/P1540
http://www.wikidata.org/entity/Q61701106,http://www.wikidata.org/entity/P1540
http://www.wikidata.org/entity/Q61761277,http://www.wikidata.org/entity/P1540
http://www.wikidata.org/entity/Q1445349,http://www.wikidata.org/entity/P1540
http://www.wikidata.org/entity/Q1517485,http://www.wikidata.org/entity/P1540
http://www.wikidata.org/entity/Q1575173,http://www.wikidata.org/entity/P1540
http://www.wikidata.org/entity/Q1790442,http://www.wikidata.org/entity/P1540
http://www.wikidata.org/entity/Q1803104,http://www.wikidata.org/entity/P1540
http://www.wikidata.org/entity/Q1803378,http://www.wikidata.org/entity/P1540
http://www.wikidata.org/entity/Q1803478,http://www.wikidata.org/entity/P1540
http://www.wikidata.org/entity/Q225512,http://www.wikidata.org/entity/P1540
http://www.wikidata.org/entity/Q854145,http://www.wikidata.org/entity/P1540
http://www.wikidata.org/entity/Q1647421,http://www.wikidata.org/entity/P1540
http://www.wikidata.org/entity/Q1756892,http://www.wikidata.org/entity/P1540
http://www.wikidata.org/entity/Q1803316,http://www.wikidata.org/entity/P1540
http://www.wikidata.org/entity/Q6668655,http://www.wikidata.org/entity/P1540
http://www.wikidata.org/entity/Q11037453,http://www.wikidata.org/entity/P1540
http://www.wikidata.org/entity/Q12225886,http://www.wikidata.org/entity/P1540
http://www.wikidata.org/entity/Q12995020,http://www.wikidata.org/entity/P1540
http://www.wikidata.org/entity/Q15696667,http://www.wikidata.org/entity/P1540
http://www.wikidata.org/entity/Q15704822,http://www.wikidata.org/entity/P1540
http://www.wikidata.org/entity/Q58925374,http://www.wikidata.org/entity/P1540
http://www.wikidata.org/entity/Q59082299,http://www.wikidata.org/entity/P1540
http://www.wikidata.org/entity/Q61576176,http://www.wikidata.org/entity/P1540
http://www.wikidata.org/entity/Q61761343,http://www.wikidata.org/entity/P1540
http://www.wikidata.org/entity/Q91020467,http://www.wikidata.org/entity/P1540
http://www.wikidata.org/entity/Q91020508,http://www.wikidata.org/entity/P1540
http://www.wikidata.org/entity/Q1607686,http://www.wikidata.org/entity/P1540
http://www.wikidata.org/entity/Q1803129,http://www.wikidata.org/entity/P1540
http://www.wikidata.org/entity/Q1803264,http://www.wikidata.org/entity/P1540
http://www.wikidata.org/entity/Q1803518,http://www.wikidata.org/entity/P1540
http://www.wikidata.org/entity/Q1527996,http://www.wikidata.org/entity/P1540
http://www.wikidata.org/entity/Q1803488,http://www.wikidata.org/entity/P1540
http://www.wikidata.org/entity/Q1803524,http://www.wikidata.org/entity/P1540
http://www.wikidata.org/entity/Q11100248,http://www.wikidata.org/entity/P1540
http://www.wikidata.org/entity/Q12225223,http://www.wikidata.org/entity/P1540
http://www.wikidata.org/entity/Q12225252,http://www.wikidata.org/entity/P1540
http://www.wikidata.org/entity/Q91020511,http://www.wikidata.org/entity/P1540
http://www.wikidata.org/entity/Q854176,http://www.wikidata.org/entity/P1540
http://www.wikidata.org/entity/Q1450762,http://www.wikidata.org/entity/P1540
http://www.wikidata.org/entity/Q1637232,http://www.wikidata.org/entity/P1540
http://www.wikidata.org/entity/Q1803069,http://www.wikidata.org/entity/P1540
http://www.wikidata.org/entity/Q1803516,http://www.wikidata.org/entity/P1540
http://www.wikidata.org/entity/Q6824287,http://www.wikidata.org/entity/P1540
http://www.wikidata.org/entity/Q10968955,http://www.wikidata.org/entity/P1540
http://www.wikidata.org/entity/Q10969071,http://www.wikidata.org/entity/P1540
http://www.wikidata.org/entity/Q11102168,http://www.wikidata.org/entity/P1540
http://www.wikidata.org/entity/Q12225654,http://www.wikidata.org/entity/P1540
http://www.wikidata.org/entity/Q12226451,http://www.wikidata.org/entity/P1540
http://www.wikidata.org/entity/Q12996575,http://www.wikidata.org/entity/P1540
http://www.wikidata.org/entity/Q13010332,http://www.wikidata.org/entity/P1540
http://www.wikidata.org/entity/Q61575528,http://www.wikidata.org/entity/P1540
http://www.wikidata.org/entity/Q61694200,http://www.wikidata.org/entity/P1540
http://www.wikidata.org/entity/Q61761201,http://www.wikidata.org/entity/P1540
http://www.wikidata.org/entity/Q34373,http://www.wikidata.org/entity/P1540
http://www.wikidata.org/entity/Q91020479,http://www.wikidata.org/entity/P1540
http://www.wikidata.org/entity/Q91020493,http://www.wikidata.org/entity/P1540
http://www.wikidata.org/entity/Q91020496,http://www.wikidata.org/entity/P1540
http://www.wikidata.org/entity/Q91020503,http://www.wikidata.org/entity/P1540
http://www.wikidata.org/entity/Q262703,http://www.wikidata.org/entity/P1540
http://www.wikidata.org/entity/Q771963,http://www.wikidata.org/entity/P1540
http://www.wikidata.org/entity/Q854173,http://www.wikidata.org/entity/P1540
http://www.wikidata.org/entity/Q1803519,http://www.wikidata.org/entity/P1540
http://www.wikidata.org/entity/Q58925460,http://www.wikidata.org/entity/P1540
http://www.wikidata.org/entity/Q58925954,http://www.wikidata.org/entity/P1540
http://www.wikidata.org/entity/Q58934255,http://www.wikidata.org/entity/P1540
http://www.wikidata.org/entity/Q1718802,http://www.wikidata.org/entity/P1540
http://www.wikidata.org/entity/Q1803185,http://www.wikidata.org/entity/P1540
http://www.wikidata.org/entity/Q1803237,http://www.wikidata.org/entity/P1540
http://www.wikidata.org/entity/Q1803560,http://www.wikidata.org/entity/P1540
http://www.wikidata.org/entity/Q11103028,http://www.wikidata.org/entity/P1540
http://www.wikidata.org/entity/Q267793,http://www.wikidata.org/entity/P1540
http://www.wikidata.org/entity/Q1289814,http://www.wikidata.org/entity/P1540
http://www.wikidata.org/entity/Q1562174,http://www.wikidata.org/entity/P1540
http://www.wikidata.org/entity/Q1577686,http://www.wikidata.org/entity/P1540
http://www.wikidata.org/entity/Q1228808,http://www.wikidata.org/entity/P1540
http://www.wikidata.org/entity/Q1803282,http://www.wikidata.org/entity/P1540
http://www.wikidata.org/entity/Q1803402,http://www.wikidata.org/entity/P1540
http://www.wikidata.org/entity/Q1803409,http://www.wikidata.org/entity/P1540
http://www.wikidata.org/entity/Q1803449,http://www.wikidata.org/entity/P1540
http://www.wikidata.org/entity/Q61583865,http://www.wikidata.org/entity/P1540
http://www.wikidata.org/entity/Q61761671,http://www.wikidata.org/entity/P1540
http://www.wikidata.org/entity/Q4464994,http://www.wikidata.org/entity/P1540
http://www.wikidata.org/entity/Q15822809,http://www.wikidata.org/entity/P1540
http://www.wikidata.org/entity/Q1031125,http://www.wikidata.org/entity/P1540
http://www.wikidata.org/entity/Q1596349,http://www.wikidata.org/entity/P1540
http://www.wikidata.org/entity/Q1605888,http://www.wikidata.org/entity/P1540
http://www.wikidata.org/entity/Q1678492,http://www.wikidata.org/entity/P1540
http://www.wikidata.org/entity/Q3074670,http://www.wikidata.org/entity/P1540
http://www.wikidata.org/entity/Q12225163,http://www.wikidata.org/entity/P1540
http://www.wikidata.org/entity/Q12225516,http://www.wikidata.org/entity/P1540
http://www.wikidata.org/entity/Q12226342,http://www.wikidata.org/entity/P1540
http://www.wikidata.org/entity/Q12226901,http://www.wikidata.org/entity/P1540
http://www.wikidata.org/entity/Q12227092,http://www.wikidata.org/entity/P1540
http://www.wikidata.org/entity/Q91020483,http://www.wikidata.org/entity/P1540
http://www.wikidata.org/entity/Q91020489,http://www.wikidata.org/entity/P1540
http://www.wikidata.org/entity/Q91020501,http://www.wikidata.org/entity/P1540
